Timestamp,PUMP101.BEARING_TEMP,PUMP101.DISCHARGE_PRESS,PUMP101.MOTOR_CURRENT,PUMP101.VIBRATION_RMS,falla,vib_media_24h,temp_pendiente_24h,presion_pct
2024-06-01 00:00:00,65.152,11.874,44.984,2.349,0,2.349,0.0,0.4021505376344086
2024-06-01 02:00:00,65.375,11.855,44.973,2.935,0,2.6420000000000003,0.0,0.3827956989247312
2024-06-01 03:00:00,65.47,12.099,44.985,3.24,0,2.8413333333333335,0.0,0.578494623655914
2024-06-01 04:00:00,64.024,11.616,44.708,3.397,0,2.98025,0.0,0.23333333333333334
2024-06-01 05:00:00,64.349,11.597,45.06,3.157,0,3.0156,0.0,0.2161290322580645
2024-06-01 06:00:00,65.064,11.32,45.159,2.445,0,2.9205,0.0,0.09247311827956989
2024-06-01 07:00:00,64.842,12.195,44.608,2.676,0,2.8855714285714287,0.0,0.6591397849462366
2024-06-01 08:00:00,64.992,12.273,44.937,2.883,0,2.88525,0.0,0.7161290322580646
2024-06-01 09:00:00,64.573,12.116,44.695,2.561,0,2.849222222222222,0.0,0.5935483870967742
2024-06-01 10:00:00,65.44,12.483,46.15,2.565,0,2.8207999999999998,0.0,0.8494623655913979
2024-06-01 11:00:00,65.389,12.044,44.955,2.912,0,2.829090909090909,0.0,0.5290322580645161
2024-06-01 12:00:00,65.033,12.196,45.773,2.47,0,2.799166666666667,0.0,0.6623655913978495
2024-06-01 14:00:00,65.234,11.954,45.13,2.293,0,2.7602307692307693,0.0,0.44946236559139785
2024-06-01 15:00:00,64.57,11.735,44.339,2.817,0,2.7642857142857147,0.0,0.2903225806451613
2024-06-01 16:00:00,65.184,13.107,44.776,2.501,0,2.7467333333333332,0.0,0.9806451612903225
2024-06-01 17:00:00,64.521,11.774,45.105,2.67,0,2.7419375,0.0,0.32688172043010755
2024-06-01 18:00:00,65.439,11.667,45.793,2.835,0,2.7474117647058827,0.0,0.26021505376344084
2024-06-01 19:00:00,64.975,12.217,45.111,2.313,0,2.7232777777777777,0.0,0.6774193548387096
2024-06-01 20:00:00,64.908,12.126,45.692,2.878,0,2.7314210526315787,0.0,0.6043010752688172
2024-06-01 21:00:00,64.66,11.298,45.32,2.689,0,2.7293,0.0,0.08602150537634409
2024-06-01 22:00:00,65.611,12.561,45.814,1.883,0,2.689,0.0,0.8838709677419355
2024-06-01 23:00:00,64.923,11.953,44.97,3.221,0,2.713181818181818,0.0,0.44623655913978494
2024-06-02 00:00:00,64.786,11.445,46.195,2.25,0,2.6930434782608694,0.0,0.12473118279569892
2024-06-02 01:00:00,64.824,12.594,44.757,1.672,0,2.6505,0.0,0.8989247311827957
2024-06-02 02:00:00,65.266,12.313,44.617,1.977,0,2.6350000000000002,0.11400000000000432,0.7526881720430108
2024-06-02 03:00:00,65.183,11.368,44.395,1.989,0,2.5955833333333334,-0.19199999999999307,0.1032258064516129
2024-06-02 04:00:00,65.206,12.889,46.166,2.526,0,2.5658333333333334,-0.2639999999999958,0.9559139784946237
2024-06-02 05:00:00,65.215,12.329,45.41,2.363,0,2.52275,1.1910000000000025,0.7612903225806451
2024-06-02 06:00:00,66.071,11.995,44.833,2.332,1,2.488375,1.7219999999999942,0.47956989247311826
2024-06-02 07:00:00,64.797,12.795,45.625,2.81,1,2.5035833333333333,-0.2669999999999959,0.9483870967741935
2024-06-02 08:00:00,64.744,12.08,45.344,2.67,1,2.5033333333333334,-0.09799999999999898,0.5655913978494623
2024-06-02 10:00:00,65.308,11.67,44.226,2.705,0,2.4959166666666666,0.3160000000000025,0.2623655913978495
2024-06-02 11:00:00,65.564,12.291,44.867,2.808,0,2.5062083333333334,0.9909999999999997,0.7290322580645161
2024-06-02 12:00:00,64.943,12.238,44.769,1.446,0,2.4595833333333332,-0.4969999999999999,0.6881720430107527
2024-06-02 13:00:00,64.58,12.007,44.013,2.318,0,2.4348333333333336,-0.8089999999999975,0.49032258064516127
2024-06-02 14:00:00,64.588,11.605,45.53,1.41,0,2.3906666666666667,-0.4450000000000074,0.22580645161290322
2024-06-02 16:00:00,65.372,11.965,45.37,2.498,1,2.399208333333333,0.13800000000000523,0.45806451612903226
2024-06-02 17:00:00,65.272,11.333,46.18,3.023,1,2.4077916666666668,0.7020000000000124,0.09462365591397849
2024-06-02 18:00:00,64.667,11.264,44.823,3.094,1,2.4325,-0.5169999999999959,0.07956989247311828
2024-06-02 19:00:00,65.116,12.283,44.789,2.601,1,2.429625,0.5949999999999989,0.7247311827956989
2024-06-02 20:00:00,65.058,10.699,45.059,2.25,1,2.40525,-0.380999999999986,0.004301075268817204
2024-06-02 21:00:00,65.109,12.103,45.494,2.743,1,2.423166666666667,0.13400000000000034,0.5827956989247312
2024-06-02 22:00:00,65.436,11.761,44.717,2.236,1,2.3964166666666666,0.5280000000000058,0.3096774193548387
2024-06-03 00:00:00,65.339,11.753,45.529,2.993,1,2.4090833333333337,0.679000000000002,0.3021505376344086
2024-06-03 01:00:00,65.034,12.33,45.189,2.221,0,2.4231666666666665,-0.5769999999999982,0.7655913978494624
2024-06-03 02:00:00,65.145,11.802,43.978,2.903,0,2.4099166666666667,0.2219999999999942,0.35053763440860214
2024-06-03 03:00:00,65.316,12.057,44.387,2.839,0,2.4344583333333336,0.5300000000000011,0.5483870967741935
2024-06-03 04:00:00,64.271,12.368,45.751,2.023,0,2.4490833333333333,-0.5529999999999973,0.789247311827957
2024-06-03 05:00:00,64.84,11.769,45.201,2.987,0,2.491166666666667,-0.42600000000000193,0.3172043010752688
2024-06-03 07:00:00,64.681,11.503,44.915,2.551,0,2.5145833333333334,-0.5020000000000095,0.15806451612903225
2024-06-03 08:00:00,64.862,12.147,45.007,2.119,0,2.497625,-0.3440000000000083,0.6258064516129033
2024-06-03 09:00:00,65.747,12.461,45.368,2.07,0,2.485416666666667,0.5319999999999965,0.8387096774193549
2024-06-03 10:00:00,64.567,12.33,44.321,2.231,0,2.4812083333333335,-1.5040000000000049,0.7655913978494624
2024-06-03 11:00:00,65.484,12.958,44.58,2.771,0,2.4795833333333333,0.6869999999999976,0.9655913978494624
2024-06-03 12:00:00,64.159,11.618,45.136,2.022,0,2.452583333333333,-0.5849999999999937,0.23655913978494625
2024-06-03 13:00:00,64.833,11.31,44.95,2.719,0,2.4531666666666667,-0.4750000000000085,0.09032258064516129
2024-06-03 14:00:00,65.081,11.503,45.286,1.879,1,2.4144583333333336,-0.4829999999999899,0.15806451612903225
2024-06-03 15:00:00,65.293,12.33,44.385,2.398,1,2.454125,0.3500000000000085,0.7655913978494624
2024-06-03 16:00:00,65.356,12.249,45.179,2.555,1,2.464,0.7759999999999962,0.7053763440860215
2024-06-03 17:00:00,65.397,12.051,45.546,3.723,0,2.560375,0.8090000000000117,0.543010752688172
2024-06-03 18:00:00,64.826,11.439,45.243,1.811,0,2.53175,-0.5460000000000065,0.12258064516129032
2024-06-03 19:00:00,64.769,12.383,45.07,3.236,0,2.540625,-0.5030000000000001,0.7978494623655914
2024-06-03 20:00:00,65.429,11.388,44.952,2.575,0,2.5189999999999997,0.7620000000000005,0.10752688172043011
2024-06-03 21:00:00,64.904,12.579,44.583,2.706,0,2.523375,-0.2120000000000033,0.8924731182795699
2024-06-03 22:00:00,64.362,13.429,44.964,2.559,0,2.53625,-0.6960000000000122,1.0
2024-06-03 23:00:00,64.433,12.183,45.63,2.722,0,2.5353749999999997,-0.6759999999999877,0.6483870967741936
2024-06-04 00:00:00,64.54,12.292,44.94,2.423,0,2.5431666666666666,-0.8960000000000008,0.7322580645161291
2024-06-04 02:00:00,65.071,11.095,44.754,2.272,0,2.513125,-0.2680000000000007,0.047311827956989246
2024-06-04 03:00:00,65.345,11.699,45.1,3.066,0,2.5483333333333333,0.31099999999999284,0.27956989247311825
2024-06-04 04:00:00,64.786,11.454,44.813,2.178,0,2.518125,-0.35899999999999466,0.13118279569892474
2024-06-04 05:00:00,65.079,11.276,45.243,2.47,0,2.50275,-0.23700000000000898,0.08172043010752689
2024-06-04 06:00:00,65.313,12.861,45.261,1.964,0,2.5002916666666666,1.0420000000000016,0.9526881720430107
2024-06-04 07:00:00,64.845,12.136,45.444,2.728,0,2.4895,0.0049999999999954525,0.6129032258064516
2024-06-04 08:00:00,65.228,12.19,45.712,3.223,0,2.5174999999999996,0.546999999999997,0.6537634408602151
2024-06-04 09:00:00,64.669,11.845,45.498,2.461,0,2.53175,-0.19299999999999784,0.3741935483870968
2024-06-04 10:00:00,64.818,11.914,44.533,2.402,0,2.545583333333333,-0.929000000000002,0.43010752688172044
2024-06-04 11:00:00,64.809,12.482,44.548,1.943,0,2.5335833333333335,0.24200000000000443,0.8473118279569892
2024-06-04 12:00:00,64.402,11.984,44.962,2.385,0,2.5175,-1.0819999999999936,0.4731182795698925
2024-06-04 13:00:00,65.243,12.265,44.774,1.704,0,2.5042500000000003,1.083999999999989,0.7118279569892473
2024-06-04 14:00:00,64.765,11.902,44.431,2.044,0,2.476125,-0.06799999999999784,0.4129032258064516
2024-06-04 15:00:00,65.006,11.829,44.779,2.613,0,2.506708333333333,-0.07500000000000284,0.36989247311827955
2024-06-04 17:00:00,65.223,11.011,44.664,3.905,1,2.5695,-0.07000000000000739,0.03225806451612903
2024-06-04 18:00:00,65.333,11.869,44.842,2.207,1,2.555,-0.022999999999996135,0.3978494623655914
2024-06-04 19:00:00,64.951,12.028,45.589,3.218,1,2.5339583333333335,-0.44600000000001216,0.5150537634408602
2024-06-04 20:00:00,64.788,11.357,45.1,2.622,0,2.56775,-0.0379999999999967,0.0989247311827957
2024-06-04 21:00:00,64.96,11.983,46.236,2.424,0,2.533916666666667,0.1909999999999883,0.4698924731182796
2024-06-04 22:00:00,64.156,12.027,45.085,2.716,0,2.539791666666667,-1.2729999999999961,0.5118279569892473
2024-06-04 23:00:00,64.276,10.922,44.855,2.531,1,2.5325,-0.6280000000000001,0.023655913978494623
2024-06-05 00:00:00,64.339,11.542,45.002,2.555,1,2.5323333333333333,-0.022999999999996135,0.17849462365591398
2024-06-05 01:00:00,64.501,12.204,45.128,2.296,1,2.5145833333333334,0.06799999999999784,0.6688172043010753
2024-06-05 02:00:00,65.2,12.194,45.218,1.801,0,2.4886666666666666,0.6599999999999966,0.6559139784946236
2024-06-05 03:00:00,64.547,11.423,46.038,1.728,0,2.4659999999999997,-0.5240000000000009,0.12043010752688173
2024-06-05 04:00:00,64.811,12.079,44.577,2.827,0,2.4560416666666667,-0.5339999999999918,0.5634408602150538
2024-06-05 05:00:00,65.65,12.511,45.43,2.362,0,2.4637083333333334,0.8640000000000043,0.864516129032258
2024-06-05 06:00:00,64.822,12.389,45.104,2.202,0,2.452541666666667,-0.2569999999999908,0.8064516129032258
2024-06-05 07:00:00,65.369,11.952,44.214,2.504,0,2.475041666666667,0.055999999999997385,0.443010752688172
2024-06-05 08:00:00,64.533,11.766,45.385,2.897,0,2.482083333333333,-0.3119999999999976,0.31290322580645163
2024-06-05 09:00:00,64.897,11.685,45.634,2.59,0,2.4557083333333334,-0.33099999999998886,0.2709677419354839
2024-06-05 10:00:00,64.525,12.234,44.571,2.172,0,2.4436666666666667,-0.14399999999999125,0.6860215053763441
2024-06-05 11:00:00,64.83,12.098,44.996,3.113,0,2.473291666666667,0.012000000000000455,0.5741935483870968
2024-06-05 12:00:00,65.42,12.315,44.137,3.29,0,2.5294166666666666,0.6110000000000042,0.7548387096774194
2024-06-05 13:00:00,64.136,12.066,44.371,2.747,0,2.5444999999999998,-0.26600000000000534,0.5548387096774193
2024-06-05 14:00:00,65.217,12.409,45.524,2.987,0,2.597958333333333,-0.02599999999999625,0.821505376344086
2024-06-05 15:00:00,65.119,12.047,44.767,3.121,1,2.6428333333333334,0.3539999999999992,0.535483870967742
2024-06-05 16:00:00,64.703,12.392,44.446,3.065,1,2.6616666666666666,-0.30299999999999727,0.8086021505376344
2024-06-05 17:00:00,64.277,12.435,45.115,2.807,1,2.6159166666666667,-0.945999999999998,0.8344086021505376
2024-06-05 18:00:00,65.036,11.598,44.739,2.799,0,2.6405833333333333,-0.29699999999999704,0.21935483870967742
2024-06-05 19:00:00,64.735,11.096,44.765,2.76,0,2.6214999999999997,-0.21599999999999397,0.04946236559139785
2024-06-05 20:00:00,65.116,12.772,45.37,1.951,0,2.5935416666666664,0.32800000000000296,0.9354838709677419
2024-06-05 21:00:00,65.011,12.128,44.419,2.85,0,2.611291666666667,0.05100000000000193,0.6064516129032258
2024-06-05 22:00:00,65.801,11.143,44.547,1.822,0,2.5740416666666666,1.644999999999996,0.053763440860215055
2024-06-05 23:00:00,64.88,11.643,45.077,2.103,0,2.556208333333333,0.6039999999999992,0.24946236559139784
2024-06-06 00:00:00,64.488,12.386,45.485,3.152,0,2.5810833333333334,0.1490000000000009,0.8032258064516129
2024-06-06 01:00:00,65.09,11.86,45.619,2.92,0,2.607083333333333,0.5889999999999986,0.38924731182795697
2024-06-06 02:00:00,65.11,11.744,44.667,3.244,0,2.667208333333333,-0.09000000000000341,0.2967741935483871
2024-06-06 03:00:00,65.68,12.7,45.469,2.364,0,2.6937083333333334,1.1330000000000098,0.9268817204301075
2024-06-06 04:00:00,65.418,11.476,44.608,1.924,0,2.656083333333333,0.6069999999999993,0.14193548387096774
2024-06-06 06:00:00,65.732,12.106,44.433,2.551,0,2.6639583333333334,0.08199999999999363,0.5849462365591398
2024-06-06 07:00:00,64.406,12.195,45.664,2.539,0,2.6779999999999995,-0.4159999999999968,0.6591397849462366
2024-06-06 08:00:00,64.68,12.248,44.672,3.067,0,2.701458333333333,-0.688999999999993,0.7021505376344086
2024-06-06 09:00:00,64.537,12.456,46.007,2.319,0,2.677375,0.0040000000000048885,0.8365591397849462
2024-06-06 10:00:00,64.805,12.099,45.296,2.676,0,2.6809583333333333,-0.09199999999999875,0.578494623655914
2024-06-06 11:00:00,64.312,12.245,44.492,2.006,0,2.674041666666667,-0.21300000000000807,0.6967741935483871
2024-06-06 12:00:00,65.318,11.87,44.739,2.725,0,2.657875,0.48799999999999955,0.4
2024-06-06 13:00:00,64.889,12.031,45.391,2.502,0,2.6250416666666667,-0.5310000000000059,0.5182795698924731
2024-06-06 14:00:00,64.265,12.054,45.526,2.125,0,2.5991250000000004,0.1290000000000049,0.546236559139785
2024-06-06 15:00:00,64.492,12.108,44.965,2.382,0,2.573916666666667,-0.7249999999999943,0.5870967741935483
2024-06-06 16:00:00,65.157,12.386,45.022,2.408,0,2.544208333333333,0.0379999999999967,0.8032258064516129
2024-06-06 17:00:00,65.419,12.278,45.379,2.365,0,2.515041666666667,0.715999999999994,0.7225806451612903
2024-06-06 18:00:00,65.998,12.022,45.066,3.386,0,2.5391666666666666,1.7210000000000036,0.5075268817204301
2024-06-06 19:00:00,66.457,11.595,44.353,2.451,0,2.5246666666666666,1.4209999999999923,0.2118279569892473
2024-06-06 20:00:00,65.207,12.034,44.594,2.378,0,2.50875,0.4719999999999942,0.5204301075268817
2024-06-06 21:00:00,64.505,11.986,45.118,1.451,0,2.4879166666666666,-0.6110000000000042,0.4752688172043011
2024-06-06 22:00:00,63.934,12.097,45.608,2.053,0,2.454708333333333,-1.0769999999999982,0.5720430107526882
2024-06-06 23:00:00,65.134,13.103,45.808,2.368,0,2.4774583333333333,-0.6670000000000016,0.978494623655914
2024-06-07 00:00:00,64.594,11.738,45.39,2.157,0,2.4797083333333334,-0.28600000000000136,0.2924731182795699
2024-06-07 01:00:00,64.792,12.211,45.144,3.191,0,2.481333333333333,0.30400000000000205,0.6752688172043011
2024-06-07 02:00:00,64.694,12.534,45.374,2.418,0,2.4604166666666667,-0.3960000000000008,0.8731182795698925
2024-06-07 03:00:00,64.93,12.049,44.667,3.144,0,2.4562500000000003,-0.1799999999999926,0.5376344086021505
2024-06-07 04:00:00,65.533,13.169,44.923,2.531,0,2.4632083333333337,-0.14700000000000557,0.9849462365591398
2024-06-07 05:00:00,65.079,11.811,44.588,2.519,0,2.488,-0.33900000000001285,0.35268817204301073
2024-06-07 06:00:00,64.921,12.162,44.376,2.456,0,2.4840416666666667,-0.8109999999999928,0.6333333333333333
2024-06-07 07:00:00,64.482,11.601,45.167,2.502,0,2.4825,0.0759999999999934,0.221505376344086
2024-06-07 08:00:00,64.163,11.824,45.093,3.359,0,2.494666666666667,-0.5170000000000101,0.36666666666666664
2024-06-07 09:00:00,64.757,12.124,45.344,1.34,0,2.4538749999999996,0.21999999999999886,0.6021505376344086
2024-06-07 10:00:00,64.973,12.423,45.273,1.499,0,2.4048333333333334,0.16799999999999216,0.832258064516129
2024-06-07 11:00:00,65.884,12.16,45.121,2.228,0,2.4140833333333336,1.5720000000000027,0.6301075268817204
2024-06-07 12:00:00,65.065,12.63,45.278,2.507,0,2.405,-0.2530000000000001,0.9139784946236559
2024-06-07 13:00:00,65.491,11.953,44.979,2.845,0,2.4192916666666666,0.6020000000000039,0.44623655913978494
2024-06-07 14:00:00,64.75,11.834,45.206,2.737,0,2.4447916666666667,0.48499999999999943,0.3720430107526882
2024-06-07 15:00:00,64.408,13.352,44.637,2.308,0,2.441708333333333,-0.08400000000000318,0.9935483870967742
2024-06-07 16:00:00,64.517,12.197,45.185,3.01,0,2.466791666666667,-0.6400000000000006,0.6645161290322581
2024-06-07 18:00:00,66.064,11.653,44.665,2.592,0,2.4762500000000003,0.644999999999996,0.25591397849462366
2024-06-07 19:00:00,64.589,11.529,45.026,2.981,0,2.459375,-1.409000000000006,0.17204301075268819
2024-06-07 20:00:00,65.419,12.468,44.688,2.636,0,2.4670833333333335,-1.0379999999999967,0.843010752688172
2024-06-07 21:00:00,64.549,11.818,44.737,2.219,0,2.4604583333333334,-0.657999999999987,0.35913978494623655
2024-06-07 22:00:00,65.466,12.064,44.438,2.849,0,2.518708333333333,0.9609999999999985,0.5526881720430108
2024-06-07 23:00:00,65.192,11.968,45.633,2.555,0,2.539625,1.2579999999999956,0.46021505376344085
2024-06-08 00:00:00,64.922,12.366,45.533,2.501,0,2.545166666666667,-0.2120000000000033,0.7870967741935484
2024-06-08 01:00:00,64.98,11.577,45.269,3.236,0,2.590125,0.3860000000000099,0.20430107526881722
2024-06-08 02:00:00,64.673,11.462,45.986,1.275,0,2.510291666666667,-0.11899999999999977,0.13978494623655913
2024-06-08 03:00:00,65.223,12.112,44.905,1.791,0,2.484166666666667,0.5289999999999964,0.5913978494623656
2024-06-08 04:00:00,64.773,12.3,46.516,1.906,0,2.432583333333333,-0.1570000000000107,0.7376344086021506
2024-06-08 05:00:00,64.387,12.166,44.886,2.318,0,2.4237083333333334,-1.1460000000000008,0.6397849462365591
2024-06-08 06:00:00,64.361,11.595,45.128,2.373,0,2.417625,-0.7179999999999893,0.2118279569892473
2024-06-08 07:00:00,65.086,12.339,44.801,1.746,1,2.3880416666666666,0.16499999999999204,0.7763440860215054
2024-06-08 08:00:00,65.79,11.628,45.186,2.0103333333333335,1,2.3675555555555556,1.308000000000007,0.24301075268817204
2024-06-08 09:00:00,65.08,11.739,45.418,2.0766666666666667,1,2.314125,0.9170000000000016,0.2946236559139785
2024-06-08 10:00:00,64.941,11.528,44.943,3.739,0,2.4140833333333336,0.1839999999999975,0.16989247311827957
2024-06-08 11:00:00,65.143,12.651,45.888,3.414333333333333,0,2.493888888888889,0.1700000000000017,0.9182795698924732
2024-06-08 12:00:00,65.653,12.317,45.12,2.3106666666666666,0,2.497333333333333,-0.23099999999999454,0.7569892473118279
2024-06-08 14:00:00,64.795,12.624,44.546,1.9483333333333335,0,2.4740555555555557,-0.269999999999996,0.9096774193548387
2024-06-08 15:00:00,65.553,13.406,45.209,1.5726666666666667,0,2.4210416666666665,0.06199999999999761,0.9978494623655914
2024-06-08 16:00:00,65.214,11.145,44.933,2.472,0,2.41,0.46399999999999864,0.05591397849462366
2024-06-08 17:00:00,65.768,11.631,44.696,2.034333333333333,0,2.398597222222222,1.3599999999999994,0.24731182795698925
2024-06-08 18:00:00,65.092,11.692,44.612,2.494666666666667,0,2.377125,0.5750000000000028,0.2752688172043011
2024-06-08 19:00:00,64.388,11.575,46.336,1.74,0,2.341625,-1.6759999999999877,0.2021505376344086
2024-06-08 20:00:00,64.316,11.461,44.868,2.1623333333333337,0,2.3075138888888893,-0.27299999999999613,0.13655913978494624
2024-06-08 21:00:00,65.825,11.85,44.272,2.6206666666666667,0,2.3068750000000002,0.4060000000000059,0.38064516129032255
2024-06-08 22:00:00,65.862,11.392,44.651,2.7329999999999997,0,2.3282916666666664,1.3129999999999882,0.10967741935483871
2024-06-08 23:00:00,64.91,12.168,44.974,2.7623333333333333,0,2.3246805555555556,-0.5559999999999974,0.6430107526881721
2024-06-09 00:00:00,64.808,12.026,45.273,1.8966666666666667,0,2.29725,-0.38399999999998613,0.5096774193548387
2024-06-09 02:00:00,64.446,12.254,45.338,2.1633333333333336,1,2.2831805555555555,-0.4759999999999991,0.7096774193548387
2024-06-09 03:00:00,64.553,12.302,44.678,2.8826666666666667,1,2.2684583333333337,-0.4270000000000067,0.7408602150537634
2024-06-09 04:00:00,65.322,11.813,45.17,2.565,1,2.3222083333333337,0.6490000000000009,0.35698924731182796
2024-06-09 05:00:00,64.803,13.061,44.562,1.8853333333333333,0,2.326138888888889,-0.4200000000000017,0.9741935483870968
2024-06-09 06:00:00,64.997,12.117,44.69,2.4186666666666667,1,2.3475,0.22400000000000375,0.5967741935483871
2024-06-09 07:00:00,64.918,11.069,44.541,2.763,1,2.366041666666667,0.5310000000000059,0.03763440860215054
2024-06-09 08:00:00,65.169,11.499,44.406,2.8893333333333335,1,2.3875555555555557,0.8079999999999927,0.15053763440860216
2024-06-09 09:00:00,65.70566666666666,11.13,45.532,2.5166666666666666,1,2.4196666666666666,0.6196666666666601,0.05161290322580645
2024-06-09 10:00:00,65.04833333333333,12.009,45.344,3.356,1,2.4757361111111114,-0.7416666666666742,0.4989247311827957
2024-06-09 11:00:00,65.327,11.939,45.488,3.0973333333333333,0,2.518263888888889,0.2469999999999999,0.43655913978494626
2024-06-09 12:00:00,63.98166666666667,11.766,45.02,2.4686666666666666,0,2.465333333333333,-0.9593333333333334,0.31290322580645163
2024-06-09 13:00:00,64.98433333333334,13.005,45.388,2.975,0,2.447027777777778,-0.15866666666666163,0.9698924731182795
2024-06-09 14:00:00,64.58800000000001,12.274,44.119,3.5703333333333336,0,2.499513888888889,-1.0649999999999977,0.7182795698924731
2024-06-09 15:00:00,64.40266666666668,12.363,45.432,3.5866666666666664,0,2.567777777777778,-0.3923333333333261,0.7849462365591398
2024-06-09 16:00:00,64.57433333333334,11.534,45.089,1.996,0,2.5854166666666667,-0.9786666666666548,0.17419354838709677
2024-06-09 17:00:00,64.848,11.5,45.314,2.150333333333333,0,2.572013888888889,-0.36599999999999966,0.15268817204301074
2024-06-09 18:00:00,65.47466666666666,12.018,45.19,3.3586666666666667,0,2.6271944444444446,-0.29333333333333655,0.5021505376344086
2024-06-09 19:00:00,64.35533333333333,12.087,44.506,2.091,0,2.610375,-0.7366666666666646,0.5698924731182796
2024-06-09 20:00:00,65.035,11.072,44.251,1.9623333333333333,1,2.619638888888889,0.6469999999999914,0.04086021505376344
2024-06-09 21:00:00,64.77966666666666,11.91,44.644,2.3836666666666666,1,2.628861111111111,0.46366666666665424,0.4236559139784946
2024-06-09 22:00:00,64.85933333333332,12.007,45.282,2.84,1,2.638,-0.965666666666678,0.49032258064516127
2024-06-09 23:00:00,65.52600000000001,11.892,45.345,2.582333333333333,1,2.6317222222222223,-0.3359999999999843,0.40860215053763443
2024-06-10 00:00:00,65.29566666666668,11.593,44.316,2.3116666666666665,1,2.612944444444444,0.3856666666666797,0.2086021505376344
2024-06-10 01:00:00,65.69733333333333,11.73,44.509,2.303,1,2.629875,0.889333333333326,0.2838709677419355
2024-06-10 02:00:00,64.953,11.912,44.638,2.2873333333333337,1,2.6350416666666665,0.507000000000005,0.4268817204301075
2024-06-10 04:00:00,64.92133333333334,12.302,44.319,3.791,1,2.6728888888888886,0.3683333333333394,0.7408602150537634
2024-06-10 05:00:00,65.15599999999999,12.54,44.289,2.8023333333333333,0,2.682777777777778,-0.16600000000001103,0.875268817204301
2024-06-10 07:00:00,64.49633333333333,11.772,45.043,2.415,0,2.704847222222222,-0.30666666666667197,0.32365591397849464
2024-06-10 08:00:00,65.08500000000001,12.219,44.41,2.570333333333333,0,2.7111666666666667,0.08800000000000807,0.6795698924731183
2024-06-10 09:00:00,65.15566666666668,12.305,44.942,2.3096666666666663,0,2.6922777777777775,0.23766666666666936,0.7462365591397849
2024-06-10 10:00:00,66.30233333333334,11.783,45.529,1.3439999999999999,0,2.6278888888888887,1.13333333333334,0.33978494623655914
2024-06-10 11:00:00,65.983,12.395,44.349,1.9843333333333333,0,2.6057083333333333,0.2773333333333454,0.8150537634408602
2024-06-10 12:00:00,64.61966666666666,12.49,44.897,1.7716666666666667,0,2.5396944444444443,-0.42866666666667186,0.8548387096774194
2024-06-10 13:00:00,64.90433333333333,12.646,45.512,1.555,0,2.4754305555555556,-0.42266666666667163,0.9161290322580645
2024-06-10 14:00:00,64.318,12.889,44.791,2.0853333333333333,0,2.4594583333333335,0.3363333333333287,0.9559139784946237
2024-06-10 15:00:00,64.75666666666666,11.567,44.713,3.3486666666666665,0,2.4750277777777776,-0.22766666666667845,0.1989247311827957
2024-06-10 16:00:00,65.21133333333333,12.007,45.582,2.668,0,2.4374305555555553,0.6233333333333206,0.49032258064516127
2024-06-10 17:00:00,65.658,12.006,44.847,3.3383333333333334,0,2.4270833333333335,1.2553333333333256,0.4827956989247312
2024-06-10 18:00:00,64.69166666666668,11.951,45.552,2.901666666666667,0,2.4648194444444447,0.11733333333333462,0.44086021505376344
2024-06-10 19:00:00,64.73133333333334,11.675,45.214,3.091,0,2.5040138888888888,-0.11666666666666003,0.2645161290322581
2024-06-10 20:00:00,63.986000000000004,11.257,44.829,2.253333333333333,0,2.4579583333333335,-1.48866666666666,0.07741935483870968
2024-06-10 21:00:00,64.98066666666666,12.046,45.24,2.9686666666666666,1,2.494527777777778,0.6253333333333302,0.5333333333333333
2024-06-10 22:00:00,64.53233333333333,11.616,45.16,3.074,1,2.5408472222222223,-0.5026666666666699,0.23333333333333334
2024-06-10 23:00:00,64.8,12.043,45.51,2.4253333333333336,1,2.5425833333333334,0.02033333333334042,0.5268817204301075
2024-06-11 00:00:00,64.62866666666666,11.603,44.726,2.9966666666666666,0,2.549111111111111,-0.23066666666666436,0.22365591397849463
2024-06-11 01:00:00,65.02133333333333,11.45,45.021,3.003,1,2.5666388888888885,-0.5046666666666795,0.12795698924731183
2024-06-11 02:00:00,64.19099999999999,12.117,44.969,2.4483333333333333,1,2.5723333333333334,-1.104666666666688,0.5967741935483871
2024-06-11 03:00:00,64.33766666666668,12.075,45.352,2.1656666666666666,1,2.566611111111111,-1.359666666666655,0.5602150537634408
2024-06-11 05:00:00,64.431,13.093,45.508,2.7763333333333335,1,2.5869861111111114,-0.5220000000000056,0.9763440860215054
2024-06-11 06:00:00,64.52866666666667,12.139,45.233,2.900666666666667,1,2.549888888888889,-0.3926666666666705,0.6193548387096774
2024-06-11 07:00:00,65.99633333333334,12.243,44.342,2.3440000000000003,1,2.530791666666667,0.8403333333333478,0.6946236559139785
2024-06-11 08:00:00,66.533,11.461,45.604,2.756333333333333,0,2.5450138888888887,2.036666666666676,0.13655913978494624
2024-06-11 10:00:00,64.89933333333333,12.791,45.501,3.059,0,2.565375,-0.18566666666667686,0.946236559139785
2024-06-11 11:00:00,65.256,11.538,45.713,3.529333333333333,0,2.6161944444444445,0.1003333333333245,0.17634408602150536
2024-06-11 12:00:00,65.95066666666668,11.478,45.043,3.3946666666666667,0,2.7016388888888887,-0.35166666666665947,0.14408602150537633
2024-06-11 14:00:00,64.967,11.955,44.078,3.6053333333333333,0,2.7691805555555558,-1.0160000000000053,0.45161290322580644
2024-06-11 15:00:00,65.48066666666666,11.549,45.128,2.5016666666666665,0,2.7995972222222227,0.8610000000000042,0.18494623655913978
2024-06-11 16:00:00,65.31033333333333,11.848,44.704,3.292,0,2.8719722222222224,0.4060000000000059,0.37849462365591396
2024-06-11 17:00:00,64.907,12.615,44.543,2.8073333333333332,0,2.9020555555555556,0.5889999999999986,0.9053763440860215
2024-06-11 18:00:00,65.02966666666667,11.597,44.969,2.570666666666667,0,2.8696388888888893,0.27300000000001035,0.2161290322580645
2024-06-11 19:00:00,64.41133333333333,11.303,45.308,1.8760000000000001,0,2.8366388888888885,-0.7999999999999972,0.08817204301075268
2024-06-11 20:00:00,64.981,12.471,44.274,2.6973333333333334,0,2.8099305555555554,-0.6770000000000067,0.8451612903225807
2024-06-11 21:00:00,64.96866666666668,12.246,44.776,2.006666666666667,0,2.772638888888889,0.277000000000001,0.6989247311827957
2024-06-11 22:00:00,65.21933333333334,11.69,45.755,3.274,0,2.780263888888889,0.48799999999999955,0.2731182795698925
2024-06-11 23:00:00,64.827,11.209,44.462,3.5513333333333335,0,2.834347222222222,0.840999999999994,0.06666666666666667
2024-06-12 00:00:00,65.34266666666667,11.628,45.435,2.3986666666666667,0,2.8105972222222224,0.362000000000009,0.24301075268817204
2024-06-12 01:00:00,65.61433333333333,11.973,44.758,2.9509999999999996,1,2.8054722222222224,1.0820000000000078,0.46236559139784944
2024-06-12 02:00:00,65.188,12.583,45.273,2.4403333333333332,1,2.8060972222222222,0.38800000000000523,0.896774193548387
2024-06-12 03:00:00,65.28766666666667,11.482,45.549,2.4926666666666666,1,2.785097222222222,0.659000000000006,0.14623655913978495
2024-06-12 04:00:00,65.14033333333333,11.958,45.371,3.197,0,2.7931805555555553,0.11899999999999977,0.4559139784946237
2024-06-12 05:00:00,65.115,12.338,45.455,2.7943333333333333,0,2.8075972222222223,0.9240000000000066,0.7741935483870968
2024-06-12 06:00:00,64.75566666666666,10.809,44.424,3.686666666666667,0,2.8709722222222225,0.41799999999997794,0.010752688172043012
2024-06-12 07:00:00,65.27633333333334,12.517,45.557,2.5789999999999997,0,2.86275,0.8453333333333433,0.8688172043010752
2024-06-12 08:00:00,65.071,11.409,44.574,3.3233333333333333,1,2.8803611111111116,0.5423333333333318,0.11612903225806452
2024-06-12 09:00:00,66.16866666666667,12.166,45.13,2.8756666666666666,1,2.9025138888888886,0.17233333333332723,0.6397849462365591
2024-06-12 10:00:00,65.91033333333334,12.123,45.129,3.228,1,2.922166666666667,-0.6226666666666603,0.6
2024-06-12 12:00:00,64.74466666666666,12.275,45.168,2.8116666666666665,0,2.9118611111111115,-0.15466666666667095,0.7204301075268817
2024-06-12 13:00:00,64.57233333333333,10.811,44.578,2.782,0,2.880722222222222,-0.6836666666666673,0.012903225806451613
2024-06-12 14:00:00,65.726,11.608,44.325,2.425333333333333,0,2.840333333333333,-0.22466666666667834,0.22795698924731184
2024-06-12 15:00:00,65.26266666666666,12.069,45.436,3.1776666666666666,0,2.8225138888888885,0.2956666666666621,0.556989247311828
2024-06-12 16:00:00,65.37333333333333,11.903,45.093,3.1750000000000003,0,2.850569444444444,-0.1073333333333295,0.4150537634408602
2024-06-12 17:00:00,64.263,12.239,45.575,3.1503333333333337,0,2.8446666666666665,-1.0473333333333272,0.6903225806451613
2024-06-12 18:00:00,65.60066666666667,12.395,44.978,3.6246666666666663,0,2.878722222222222,0.6936666666666724,0.8150537634408602
2024-06-12 19:00:00,65.36533333333334,12.304,44.297,3.585,0,2.920986111111111,0.33566666666666833,0.7440860215053764
2024-06-12 20:00:00,64.585,11.893,45.483,2.6763333333333335,0,2.954333333333334,0.1736666666666622,0.410752688172043
2024-06-12 21:00:00,64.90566666666666,11.077,44.815,3.0536666666666665,0,2.9691805555555555,-0.07533333333333303,0.043010752688172046
2024-06-12 22:00:00,65.27533333333334,11.772,45.171,2.5580000000000003,0,2.9921527777777777,0.30666666666665776,0.32365591397849464
2024-06-12 23:00:00,65.17099999999999,12.208,44.676,2.8853333333333335,0,2.9759583333333333,-0.04833333333334622,0.6709677419354839
2024-06-13 00:00:00,65.00066666666666,11.455,45.822,2.5766666666666667,0,2.9353472222222226,0.1736666666666622,0.13333333333333333
2024-06-13 03:00:00,65.22766666666666,12.063,45.054,2.7776666666666667,0,2.9511388888888885,-0.1150000000000091,0.5505376344086022
2024-06-13 04:00:00,65.88933333333334,10.468,44.454,3.487,0,2.973472222222222,0.2750000000000057,0.002150537634408602
2024-06-13 05:00:00,63.872,11.361,45.165,1.8083333333333333,0,2.947138888888889,-1.3160000000000025,0.1010752688172043
2024-06-13 06:00:00,65.03866666666667,12.943,45.806,1.8896666666666668,0,2.922013888888889,-0.24899999999999523,0.9634408602150538
2024-06-13 07:00:00,65.24633333333333,11.727,44.755,3.298,0,2.9262222222222225,0.10599999999999454,0.2817204301075269
2024-06-13 08:00:00,65.30799999999999,11.008,45.198,2.933333333333333,0,2.9320138888888887,0.19299999999999784,0.030107526881720432
2024-06-13 09:00:00,64.97566666666665,12.618,43.625,3.0316666666666667,0,2.904722222222222,0.21999999999999886,0.9075268817204301
2024-06-13 10:00:00,64.28533333333333,12.007,44.981,2.247,0,2.8908888888888886,-0.9910000000000139,0.49032258064516127
2024-06-13 11:00:00,65.32900000000001,12.552,44.843,2.9013333333333335,0,2.8733055555555556,0.2580000000000098,0.8774193548387097
2024-06-13 12:00:00,66.03066666666668,12.138,44.591,3.9186666666666663,0,2.916763888888889,-0.13799999999999102,0.6161290322580645
2024-06-13 13:00:00,64.40133333333334,12.229,45.541,3.332,1,2.921097222222222,-1.5090000000000003,0.6838709677419355
2024-06-13 14:00:00,65.602,12.182,44.837,3.0083333333333333,1,2.9292916666666664,0.8573333333333437,0.6451612903225806
2024-06-13 15:00:00,65.00766666666667,12.349,44.911,2.7066666666666666,1,2.926152777777778,0.43533333333333246,0.7806451612903226
2024-06-13 17:00:00,64.649,12.486,44.042,1.8683333333333334,0,2.902944444444445,-1.0769999999999982,0.8516129032258064
2024-06-13 18:00:00,65.00966666666666,11.21,44.434,3.0656666666666665,0,2.898277777777778,-0.2530000000000001,0.06881720430107527
2024-06-13 19:00:00,65.82833333333333,12.223,45.481,3.363,0,2.906111111111111,0.4549999999999983,0.6817204301075269
2024-06-13 21:00:00,66.04766666666667,12.601,44.617,2.615666666666667,0,2.8838333333333335,1.7846666666666664,0.9010752688172043
2024-06-13 22:00:00,65.77233333333334,11.787,44.8,2.371,0,2.831597222222222,0.17166666666666686,0.34408602150537637
2024-06-13 23:00:00,65.405,12.582,45.872,2.4703333333333335,0,2.7851527777777783,0.039666666666661854,0.8946236559139785
2024-06-14 00:00:00,66.05866666666667,12.464,45.384,2.9836666666666667,0,2.7979583333333333,1.4736666666666736,0.8408602150537634
2024-06-14 01:00:00,65.40733333333333,13.286,44.721,1.918,1,2.7506388888888886,0.5016666666666652,0.989247311827957
2024-06-14 02:00:00,65.604,11.625,45.652,3.2703333333333333,1,2.7803194444444443,0.32866666666666333,0.23870967741935484
2024-06-14 03:00:00,65.04366666666667,11.746,44.63,3.3436666666666666,1,2.799416666666667,-0.12733333333332553,0.2989247311827957
2024-06-14 04:00:00,65.22633333333333,11.847,45.505,2.8440000000000003,0,2.8105555555555557,0.2256666666666689,0.3763440860215054
2024-06-14 05:00:00,64.84599999999999,11.755,44.321,1.7333333333333334,0,2.767041666666667,-0.3816666666666748,0.30752688172043013
2024-06-14 06:00:00,65.69166666666668,11.555,45.537,2.4786666666666664,0,2.7250277777777776,-0.1976666666666631,0.18924731182795698
2024-06-14 08:00:00,65.59100000000001,11.783,44.486,1.5943333333333334,0,2.716111111111111,1.7190000000000083,0.33978494623655914
2024-06-14 09:00:00,65.10666666666667,12.185,44.891,2.812666666666667,0,2.7545694444444444,0.06799999999999784,0.6516129032258065
2024-06-14 10:00:00,65.78933333333333,11.753,45.139,2.4,0,2.717152777777778,0.5430000000000064,0.3021505376344086
2024-06-14 11:00:00,65.58,12.968,44.753,3.3953333333333333,0,2.7364027777777777,0.27200000000000557,0.967741935483871
2024-06-14 12:00:00,66.11666666666666,12.007,45.277,2.6586666666666665,0,2.7208611111111107,1.1410000000000053,0.49032258064516127
2024-06-14 14:00:00,64.42399999999999,12.131,45.31,3.2863333333333333,0,2.7641666666666667,0.1386666666666656,0.610752688172043
2024-06-14 16:00:00,64.62733333333334,12.14,44.97,2.909,1,2.764486111111111,-0.701666666666668,0.621505376344086
2024-06-14 17:00:00,64.956,12.684,44.779,3.2013333333333334,1,2.734597222222222,-1.0746666666666727,0.9247311827956989
2024-06-14 18:00:00,65.97266666666667,12.028,45.076,2.2736666666666663,1,2.6905,1.5713333333333281,0.5150537634408602
2024-06-14 19:00:00,65.53733333333334,12.248,45.275,3.615,0,2.7157777777777774,-0.06466666666666754,0.7021505376344086
2024-06-14 20:00:00,64.871,12.183,46.031,2.6433333333333335,0,2.713138888888889,-0.13666666666667027,0.6483870967741936
2024-06-14 21:00:00,64.71466666666666,11.856,45.47,2.746666666666667,0,2.7497361111111114,0.0656666666666581,0.3849462365591398
2024-06-14 22:00:00,65.23933333333333,12.202,45.488,3.019,0,2.7477916666666666,0.2296666666666738,0.6666666666666666
2024-06-14 23:00:00,64.61699999999999,13.117,46.544,2.2523333333333335,0,2.7015138888888894,-1.211333333333343,0.9827956989247312
2024-06-15 00:00:00,64.89066666666668,11.865,45.258,3.1506666666666665,0,2.723805555555556,-1.1569999999999965,0.3956989247311828
2024-06-15 01:00:00,65.38433333333334,12.21,45.242,3.524,0,2.771847222222222,-0.387999999999991,0.6731182795698925
2024-06-15 02:00:00,65.808,12.629,45.352,3.1893333333333334,0,2.8018055555555557,0.4030000000000058,0.9118279569892473
2024-06-15 03:00:00,65.53566666666667,12.57,44.496,2.2526666666666664,0,2.771347222222223,-0.5229999999999961,0.8903225806451613
2024-06-15 04:00:00,64.08733333333333,12.006,44.778,2.9880000000000004,0,2.8159305555555556,-1.3199999999999932,0.4827956989247312
2024-06-15 05:00:00,65.387,10.808,44.747,3.4243333333333332,1,2.822347222222222,-0.21699999999999875,0.008602150537634409
2024-06-15 07:00:00,65.44533333333332,10.89,44.913,2.523,1,2.788152777777778,0.4016666666666566,0.01935483870967742
2024-06-15 08:00:00,66.048,12.735,45.069,3.5013333333333336,1,2.815541666666667,0.8216666666666725,0.9290322580645162
2024-06-15 09:00:00,64.20966666666666,12.085,45.544,3.201666666666666,0,2.876722222222222,-0.6363333333333259,0.567741935483871
2024-06-15 10:00:00,64.94733333333333,12.5,45.432,3.276,0,2.9099444444444447,-0.7443333333333442,0.8623655913978494
2024-06-15 11:00:00,65.54,11.549,44.919,4.003333333333334,0,3.0103194444444448,-0.05100000000000193,0.18494623655913978
2024-06-15 12:00:00,64.45566666666667,11.224,44.665,3.3106666666666666,0,3.0310694444444444,-0.6509999999999962,0.07096774193548387
2024-06-15 13:00:00,65.98633333333333,12.13,45.568,3.4090000000000003,1,3.073111111111111,0.19700000000000273,0.6086021505376344
2024-06-15 14:00:00,65.434,11.983,45.387,4.4383333333333335,1,3.1165694444444445,-0.1460000000000008,0.4698924731182796
2024-06-15 15:00:00,65.67466666666667,11.754,44.197,2.9796666666666667,1,3.1299444444444444,-0.44199999999999307,0.3053763440860215
2024-06-15 16:00:00,64.96833333333333,12.042,44.843,2.691,0,3.1051388888888884,0.5443333333333413,0.524731182795699
2024-06-15 17:00:00,65.66199999999999,13.384,45.083,3.3073333333333332,0,3.1217361111111113,1.0346666666666522,0.9956989247311828
2024-06-15 18:00:00,65.79066666666667,12.417,45.389,3.3156666666666665,0,3.1265,0.8346666666666636,0.8279569892473119
2024-06-15 19:00:00,65.37433333333334,12.525,45.455,2.837,0,3.149972222222223,-0.5983333333333292,0.8709677419354839
2024-06-15 20:00:00,65.37700000000001,12.422,45.142,2.5873333333333335,0,3.107152777777778,-0.16033333333332678,0.8301075268817204
2024-06-15 21:00:00,65.39666666666668,12.74,45.293,4.261666666666667,1,3.174583333333333,0.5256666666666803,0.9311827956989247
2024-06-15 22:00:00,64.83133333333333,11.905,45.032,3.2729999999999997,1,3.196513888888889,0.11666666666667425,0.4172043010752688
2024-06-15 23:00:00,65.191,10.973,44.663,2.747333333333333,1,3.185194444444445,-0.04833333333333201,0.025806451612903226
2024-06-16 00:00:00,65.19066666666667,11.906,44.869,3.574666666666667,0,3.2402916666666663,0.5736666666666821,0.41935483870967744
2024-06-16 01:00:00,65.46033333333332,12.406,45.009,3.065,1,3.2367222222222227,0.5696666666666488,0.8193548387096774
2024-06-16 02:00:00,65.77,11.515,44.983,2.9973333333333336,1,3.214777777777778,0.3856666666666513,0.16559139784946236
2024-06-16 03:00:00,64.74266666666666,11.912,44.057,3.4076666666666666,1,3.2238749999999996,-1.0653333333333421,0.4268817204301075
2024-06-16 04:00:00,65.21033333333332,11.654,44.801,2.484,0,3.2335138888888886,-0.32533333333334724,0.25806451612903225
2024-06-16 05:00:00,66.016,12.751,45.028,3.3093333333333335,0,3.2469027777777772,1.9286666666666719,0.9333333333333333
2024-06-16 06:00:00,64.90466666666667,12.375,44.859,4.092666666666666,0,3.2747500000000005,-0.4823333333333295,0.7935483870967742
2024-06-16 07:00:00,64.86733333333333,12.326,44.877,3.373,0,3.310166666666666,-0.5779999999999887,0.7591397849462366
2024-06-16 08:00:00,65.381,12.311,45.244,2.955333333333333,0,3.287416666666667,-0.6670000000000016,0.7505376344086021
2024-06-16 09:00:00,65.70366666666666,11.981,44.461,2.892666666666667,0,3.2745416666666665,1.4939999999999998,0.4666666666666667
2024-06-16 10:00:00,65.28933333333333,12.099,44.186,2.945,0,3.26075,0.34199999999999875,0.578494623655914
2024-06-16 11:00:00,65.949,11.407,44.826,3.0263333333333335,0,3.2200416666666665,0.4089999999999918,0.11397849462365592
2024-06-16 12:00:00,65.71466666666666,10.907,45.382,2.9676666666666667,0,3.20575,1.2589999999999861,0.021505376344086023
2024-06-16 13:00:00,65.70933333333333,12.075,45.844,3.6180000000000003,0,3.214458333333333,-0.277000000000001,0.5602150537634408
2024-06-16 14:00:00,65.56700000000001,12.162,45.391,2.296333333333333,1,3.125208333333333,0.13300000000000978,0.6333333333333333
2024-06-16 15:00:00,66.45566666666667,12.605,44.266,3.597666666666667,1,3.1509583333333335,0.7810000000000059,0.9032258064516129
2024-06-16 16:00:00,65.19033333333334,12.786,44.884,2.98,1,3.1630000000000003,0.2220000000000084,0.9419354838709677
2024-06-16 17:00:00,64.29299999999999,12.785,45.128,3.3613333333333335,0,3.1652500000000003,-1.3689999999999998,0.9397849462365592
2024-06-16 18:00:00,66.09866666666667,11.501,45.089,2.613666666666667,0,3.1359999999999997,0.30800000000000693,0.15483870967741936
2024-06-16 19:00:00,65.06933333333333,11.824,45.27,3.8440000000000003,1,3.177958333333333,-0.3050000000000068,0.36666666666666664
2024-06-16 20:00:00,65.354,12.24,44.541,3.806333333333334,1,3.22875,-0.023000000000010346,0.6924731182795699
2024-06-16 21:00:00,65.95666666666666,13.266,45.032,3.666666666666667,1,3.203958333333334,0.5599999999999881,0.9870967741935484
2024-06-16 23:00:00,64.679,12.56,45.413,3.6083333333333334,0,3.2179305555555557,-0.1523333333333312,0.8817204301075269
2024-06-17 01:00:00,64.91133333333333,11.558,44.827,2.3970000000000002,0,3.203333333333333,-0.27966666666667095,0.1935483870967742
2024-06-17 02:00:00,65.53,12.394,43.648,3.191333333333333,0,3.187361111111111,0.3393333333333288,0.810752688172043
2024-06-17 03:00:00,65.57366666666667,11.45,44.689,3.3886666666666665,0,3.200847222222222,0.11333333333334394,0.12795698924731183
2024-06-17 04:00:00,65.45133333333334,11.881,44.738,3.488,0,3.221291666666666,-0.3186666666666582,0.4064516129032258
2024-06-17 05:00:00,64.609,11.943,44.49,3.3023333333333333,0,3.216902777777778,-0.13366666666667015,0.43870967741935485
2024-06-17 06:00:00,64.16166666666666,12.796,45.083,3.3626666666666667,0,3.253513888888889,-1.0486666666666622,0.9505376344086022
2024-06-17 07:00:00,65.34533333333333,11.823,44.972,3.957,0,3.2805,-0.6706666666666763,0.36236559139784946
2024-06-17 08:00:00,65.08399999999999,10.78,43.87,3.836333333333333,0,3.2698194444444444,0.17933333333331802,0.0064516129032258064
2024-06-17 09:00:00,65.55166666666668,12.252,45.108,1.7926666666666669,0,3.2039722222222227,0.6843333333333419,0.7075268817204301
2024-06-17 10:00:00,65.67433333333334,11.65,44.536,3.071,0,3.2087916666666665,0.29333333333333655,0.2537634408602151
2024-06-17 11:00:00,65.394,12.021,45.243,3.1513333333333335,0,3.219569444444445,-0.3096666666666579,0.5053763440860215
2024-06-17 12:00:00,65.70666666666666,11.957,44.359,2.360666666666667,0,3.195222222222222,0.4173333333333318,0.45376344086021503
2024-06-17 13:00:00,65.44333333333333,11.863,45.015,3.287,0,3.206083333333334,-0.50566666666667,0.3935483870967742
2024-06-17 14:00:00,65.595,12.395,44.858,3.8673333333333333,0,3.2435694444444447,-0.11966666666666015,0.8150537634408602
2024-06-17 15:00:00,64.97966666666666,11.234,45.152,2.703666666666667,1,3.2054722222222227,-0.7296666666666738,0.07311827956989247
2024-06-17 17:00:00,65.43299999999999,12.342,44.872,2.7953333333333332,1,3.226263888888889,-0.13400000000001455,0.7784946236559139
2024-06-17 19:00:00,65.14133333333334,11.196,44.261,3.9989999999999997,1,3.242986111111111,-1.3143333333333374,0.06451612903225806
2024-06-17 20:00:00,65.601,12.334,44.708,2.9923333333333333,1,3.2434999999999996,0.41066666666665697,0.7720430107526882
2024-06-17 21:00:00,65.20866666666667,12.562,44.996,3.4976666666666665,1,3.2491805555555557,0.9156666666666808,0.886021505376344
2024-06-17 22:00:00,65.28433333333334,11.978,44.696,2.334,1,3.237527777777778,-0.8143333333333374,0.4645161290322581
2024-06-17 23:00:00,65.76,11.02,45.313,4.2043333333333335,0,3.252541666666666,0.6906666666666723,0.034408602150537634
2024-06-18 00:00:00,64.34966666666666,12.353,44.86,3.577666666666667,0,3.243013888888889,-1.004333333333335,0.7827956989247312
2024-06-18 01:00:00,64.70033333333333,11.17,44.517,3.189,0,3.223111111111111,-1.2563333333333304,0.060215053763440864
2024-06-18 02:00:00,64.609,12.154,44.861,3.571333333333333,0,3.2215694444444445,-0.07000000000000739,0.6279569892473118
2024-06-18 03:00:00,64.18466666666667,11.556,45.113,2.5816666666666666,0,3.229263888888889,-0.7266666666666595,0.1913978494623656
2024-06-18 04:00:00,65.01433333333334,11.42,45.162,3.8810000000000002,0,3.2580000000000005,-0.5156666666666609,0.11827956989247312
2024-06-18 05:00:00,65.73,11.779,45.939,3.1313333333333335,0,3.247277777777778,0.1563333333333361,0.3311827956989247
2024-06-18 06:00:00,65.21466666666667,11.908,44.666,3.194666666666667,0,3.235055555555556,-0.23666666666666458,0.421505376344086
2024-06-18 07:00:00,65.45733333333334,11.678,44.963,3.0540000000000003,0,3.2247083333333335,0.8483333333333434,0.26666666666666666
2024-06-18 08:00:00,65.905,12.294,45.213,3.013333333333333,0,3.2101527777777776,1.7433333333333394,0.7354838709677419
2024-06-18 09:00:00,66.02566666666667,11.777,44.988,3.6536666666666666,0,3.197513888888889,0.680333333333337,0.32903225806451614
2024-06-18 10:00:00,65.32833333333333,12.49,44.75,3.438,0,3.1809166666666666,0.24433333333334417,0.8548387096774194
2024-06-18 11:00:00,66.042,12.141,44.225,3.6393333333333335,0,3.257861111111111,0.49033333333332507,0.6236559139784946
2024-06-18 13:00:00,64.94933333333334,11.567,44.463,3.577,0,3.278944444444445,-0.7249999999999943,0.1989247311827957
2024-06-18 14:00:00,65.07300000000001,11.176,44.137,3.114333333333333,0,3.277402777777777,-0.32099999999999795,0.06236559139784946
2024-06-18 16:00:00,64.92933333333333,11.823,44.476,2.5460000000000003,0,3.2851250000000003,-0.7773333333333312,0.36236559139784946
2024-06-18 17:00:00,65.196,10.814,45.292,3.963333333333333,0,3.3133055555555555,-0.24733333333333007,0.015053763440860216
2024-06-18 18:00:00,65.77866666666667,11.732,45.301,4.020666666666667,0,3.319694444444444,0.1836666666666673,0.2870967741935484
2024-06-18 19:00:00,66.23833333333333,11.549,44.548,2.9139999999999997,0,3.3284583333333333,1.2586666666666702,0.18494623655913978
2024-06-18 20:00:00,64.689,12.788,44.87,4.458333333333334,0,3.3977500000000003,-0.7439999999999998,0.9440860215053763
2024-06-18 21:00:00,65.57766666666666,11.149,44.071,3.844666666666667,0,3.391319444444445,0.436333333333323,0.05806451612903226
2024-06-18 22:00:00,64.86333333333334,11.279,44.753,3.8360000000000003,1,3.426472222222223,-0.7376666666666551,0.08387096774193549
2024-06-18 23:00:00,65.622,12.555,45.199,3.367333333333333,1,3.421041666666666,0.4133333333333269,0.8795698924731182
2024-06-19 00:00:00,65.32066666666667,12.678,45.412,3.2476666666666665,1,3.4591111111111115,0.03633333333333155,0.9225806451612903
2024-06-19 01:00:00,64.47333333333333,11.628,44.643,3.255,0,3.4195555555555557,-1.286666666666676,0.24301075268817204
2024-06-19 02:00:00,65.854,11.684,45.526,3.558333333333333,0,3.4187499999999997,1.504333333333335,0.26881720430107525
2024-06-19 03:00:00,65.08866666666667,12.308,44.242,4.067666666666667,0,3.4553611111111113,0.3883333333333354,0.7483870967741936
2024-06-19 04:00:00,65.12633333333333,10.836,44.376,3.4610000000000003,0,3.4507638888888885,0.5173333333333403,0.017204301075268817
2024-06-19 05:00:00,64.86,11.069,45.355,2.9173333333333336,0,3.46475,0.6753333333333273,0.03763440860215054
2024-06-19 06:00:00,65.06966666666666,11.86,45.836,3.788666666666667,0,3.4609027777777777,0.0553333333333228,0.38924731182795697
2024-06-19 07:00:00,65.61233333333332,12.775,45.247,3.8409999999999997,0,3.490472222222222,-0.11766666666667902,0.9376344086021505
2024-06-19 08:00:00,65.305,11.782,44.98,3.7103333333333333,0,3.5119583333333337,0.0903333333333336,0.33548387096774196
2024-06-19 09:00:00,65.56566666666667,12.05,43.902,3.759666666666667,0,3.541361111111111,0.10833333333333428,0.5397849462365591
2024-06-19 10:00:00,65.58433333333333,12.567,43.989,3.2550000000000003,1,3.5514305555555556,-0.32066666666666777,0.8881720430107527
2024-06-19 11:00:00,66.065,13.053,45.065,2.929333333333333,1,3.52125,0.039333333333331666,0.9720430107526882
2024-06-19 13:00:00,64.67033333333333,11.992,44.447,2.582,1,3.485583333333333,-0.6580000000000013,0.4774193548387097
2024-06-19 14:00:00,65.944,12.911,45.033,3.521333333333333,0,3.4806666666666666,-0.09799999999999898,0.9612903225806452
2024-06-19 15:00:00,65.24566666666666,11.239,45.058,3.364666666666667,0,3.471819444444444,0.29633333333332246,0.07526881720430108
2024-06-19 16:00:00,65.97033333333333,12.514,45.472,3.19,0,3.4749722222222226,0.8973333333333215,0.8666666666666667
2024-06-19 17:00:00,65.607,11.491,45.068,1.9353333333333333,0,3.449527777777778,0.6776666666666671,0.14838709677419354
2024-06-19 18:00:00,65.35066666666667,12.051,45.614,2.7926666666666664,1,3.40075,0.15466666666667095,0.543010752688172
2024-06-19 19:00:00,65.59233333333334,11.879,45.004,3.98,1,3.399055555555556,-0.18633333333332303,0.4043010752688172
2024-06-19 20:00:00,66.396,11.521,44.942,3.0913333333333335,1,3.4064444444444444,0.15766666666667106,0.16774193548387098
2024-06-19 21:00:00,66.45966666666666,11.508,45.532,3.606666666666667,0,3.370958333333333,1.7706666666666706,0.16129032258064516
2024-06-19 22:00:00,65.45833333333333,12.138,44.511,2.735,0,3.3247222222222224,-0.11933333333332996,0.6161290322580645
2024-06-19 23:00:00,65.505,12.498,46.407,4.152333333333333,0,3.3379027777777774,0.6416666666666515,0.8591397849462366
2024-06-20 00:00:00,65.96466666666666,11.935,45.188,3.3646666666666665,0,3.3377916666666665,0.3426666666666591,0.4344086021505376
2024-06-20 01:00:00,65.00533333333333,12.035,45.19,3.585,0,3.351847222222222,-0.3153333333333421,0.5225806451612903
2024-06-20 02:00:00,65.59700000000001,12.286,45.263,4.606333333333334,0,3.408152777777778,1.1236666666666792,0.7268817204301076
2024-06-20 03:00:00,65.41866666666667,11.514,45.939,4.204666666666666,0,3.435083333333333,-0.43533333333333246,0.16344086021505377
2024-06-20 04:00:00,65.59033333333333,12.37,45.396,3.297,0,3.4029722222222225,0.5016666666666652,0.7913978494623656
2024-06-20 05:00:00,65.018,12.41,44.197,3.156333333333333,1,3.3902777777777775,-0.10833333333333428,0.8247311827956989
2024-06-20 06:00:00,64.64166666666667,13.302,45.702,3.2936666666666667,1,3.405958333333333,-0.2183333333333337,0.9913978494623656
2024-06-20 07:00:00,64.40233333333333,11.812,44.83,3.715,1,3.4028888888888886,-0.6673333333333318,0.3548387096774194
2024-06-20 08:00:00,64.881,11.771,45.054,3.4103333333333334,0,3.3849444444444448,-0.7313333333333247,0.3204301075268817
2024-06-20 09:00:00,65.21266666666666,12.384,44.36,3.268666666666667,0,3.3665416666666665,-0.09233333333334315,0.8
2024-06-20 10:00:00,65.29633333333332,12.41,45.263,4.204,0,3.3850555555555553,-0.26933333333334986,0.8247311827956989
2024-06-20 11:00:00,66.41399999999999,11.732,44.674,3.416333333333333,0,3.3917777777777776,0.8296666666666539,0.2870967741935484
2024-06-20 12:00:00,65.99966666666667,11.798,45.05,4.626666666666667,0,3.4625,-0.06533333333332791,0.34838709677419355
2024-06-20 13:00:00,64.96733333333334,12.271,44.858,3.525,0,3.501791666666667,0.29700000000001125,0.7139784946236559
2024-06-20 14:00:00,65.62400000000001,11.586,45.963,4.376333333333333,0,3.5374166666666667,-0.3199999999999932,0.2064516129032258
2024-06-20 15:00:00,65.24766666666667,11.795,45.991,3.6656666666666666,0,3.549958333333334,0.0020000000000095497,0.34623655913978496
2024-06-20 16:00:00,65.31133333333334,12.045,45.023,3.971,0,3.5824999999999996,-0.6589999999999918,0.5311827956989247
2024-06-20 17:00:00,65.548,12.498,45.032,3.131333333333333,0,3.632333333333333,-0.0589999999999975,0.8591397849462366
2024-06-20 18:00:00,65.76666666666667,11.698,44.813,3.0696666666666665,0,3.643875,0.4159999999999968,0.27741935483870966
2024-06-20 19:00:00,65.28833333333333,11.079,45.553,3.73,0,3.633458333333333,-0.30400000000001626,0.04516129032258064
2024-06-20 21:00:00,64.89066666666668,11.37,44.789,3.526666666666667,0,3.651597222222222,-1.5053333333333256,0.1053763440860215
2024-06-20 22:00:00,65.46633333333334,11.343,45.489,2.867,0,3.620777777777778,-0.9933333333333252,0.0967741935483871
2024-06-20 23:00:00,66.76400000000001,11.923,44.731,2.833333333333333,0,3.624875,1.3056666666666814,0.432258064516129
2024-06-21 00:00:00,65.57866666666666,11.406,44.981,2.802666666666667,0,3.568638888888889,0.07366666666666788,0.11182795698924732
2024-06-21 01:00:00,66.18533333333333,11.649,44.209,2.636,0,3.5382777777777776,0.22066666666667345,0.25161290322580643
2024-06-21 02:00:00,65.516,11.613,45.352,3.578333333333333,0,3.538,0.5106666666666797,0.23010752688172043
2024-06-21 03:00:00,65.76166666666667,11.78,45.97,4.089666666666667,0,3.5164722222222218,0.16466666666666185,0.3333333333333333
2024-06-21 04:00:00,65.44533333333332,12.661,45.361,3.5229999999999997,0,3.4880694444444447,0.026666666666656624,0.9204301075268817
2024-06-21 05:00:00,65.39,12.331,45.731,2.4033333333333333,0,3.450833333333333,-0.20033333333333303,0.7698924731182796
2024-06-21 06:00:00,65.08666666666667,12.008,44.577,3.4416666666666664,0,3.4627222222222223,0.06866666666667243,0.4967741935483871
2024-06-21 07:00:00,65.69333333333334,11.769,45.118,3.459,0,3.4696111111111114,1.0516666666666765,0.3172043010752688
2024-06-21 08:00:00,65.054,11.783,44.528,4.591333333333333,1,3.5061250000000004,0.6516666666666708,0.33978494623655914
2024-06-21 09:00:00,65.81466666666667,12.164,44.886,2.8176666666666668,1,3.4814305555555554,0.9336666666666673,0.6365591397849463
2024-06-21 10:00:00,66.02633333333334,12.292,45.386,3.3550000000000004,1,3.4850277777777774,0.813666666666677,0.7322580645161291
2024-06-21 11:00:00,65.668,11.546,45.051,4.406333333333333,0,3.4934583333333333,0.3716666666666839,0.18064516129032257
2024-06-21 12:00:00,65.34366666666666,12.018,44.294,3.7816666666666667,0,3.5086805555555554,-1.0703333333333234,0.5021505376344086
2024-06-21 13:00:00,65.71533333333333,10.984,44.342,3.842,0,3.4759861111111108,-0.2843333333333362,0.02795698924731183
2024-06-21 15:00:00,65.95966666666666,12.381,45.246,3.7316666666666665,0,3.484597222222222,0.9923333333333204,0.7956989247311828
2024-06-21 16:00:00,64.57733333333334,11.86,46.032,3.9589999999999996,0,3.4672083333333332,-1.0466666666666669,0.38924731182795697
2024-06-21 17:00:00,65.327,12.908,45.681,3.1683333333333334,0,3.4464861111111116,0.07933333333332371,0.9591397849462365
2024-06-21 18:00:00,64.50166666666667,11.559,44.052,4.015666666666666,0,3.4483472222222225,-0.8096666666666721,0.1956989247311828
2024-06-21 19:00:00,64.75033333333333,12.109,45.711,2.893,0,3.438416666666667,-0.7976666666666716,0.589247311827957
